[

  { "nombre": "Arica", "region": "Arica y Parinacota" },
  { "nombre": "Camarones", "region": "Arica y Parinacota" },
  { "nombre": "Putre", "region": "Arica y Parinacota" },
  { "nombre": "General Lagos", "region": "Arica y Parinacota" },


  { "nombre": "Iquique", "region": "Tarapacá" },
  { "nombre": "Alto Hospicio", "region": "Tarapacá" },
  { "nombre": "Pozo Almonte", "region": "Tarapacá" },
  { "nombre": "Camiña", "region": "Tarapacá" },
  { "nombre": "Colchane", "region": "Tarapacá" },
  { "nombre": "Huara", "region": "Tarapacá" },
  { "nombre": "Pica", "region": "Tarapacá" },

  { "nombre": "Antofagasta", "region": "Antofagasta" },
  { "nombre": "Mejillones", "region": "Antofagastata" },
  { "nombre": "Sierra Gorda", "region": "Antofagasta" },
  { "nombre": "Taltal", "region": "Antofagasta" },
  { "nombre": "Calama", "region": "Antofagasta" },
  { "nombre": "Ollagüe", "region": "Antofagasta" },
  { "nombre": "San Pedro de Atacama", "region": "Antofagasta" },
  { "nombre": "Tocopilla", "region": "Antofagasta" },
  { "nombre": "María Elena", "region": "Antofagasta" },

  { "nombre": "Copiapó", "region": "Atacama" },
  { "nombre": "Caldera", "region": "Atacama" },
  { "nombre": "Tierra Amarilla", "region": "Atacama" },
  { "nombre": "Chañaral", "region": "Atacama" },
  { "nombre": "Diego de Almagro", "region": "Atacama" },
  { "nombre": "Vallenar", "region": "Atacama" },
  { "nombre": "Alto del Carmen", "region": "Atacama" },
  { "nombre": "Freirina", "region": "Atacama" },
  { "nombre": "Huasco", "region": "Atacama" },

  { "nombre": "La Serena", "region": "Coquimbo" },
  { "nombre": "Coquimbo", "region": "Coquimbo" },
  { "nombre": "Andacollo", "region": "Coquimbo" },
  { "nombre": "La Higuera", "region": "Coquimbo" },
  { "nombre": "Paihuano", "region": "Coquimbo" },
  { "nombre": "Vicuña", "region": "Coquimbo" },
  { "nombre": "Illapel", "region": "Coquimbo" },
  { "nombre": "Canela", "region": "Coquimbo" },
  { "nombre": "Los Vilos", "region": "Coquimbo" },
  { "nombre": "Salamanca", "region": "Coquimbo" },
  { "nombre": "Ovalle", "region": "Coquimbo" },
  { "nombre": "Combarbalá", "region": "Coquimbo" },
  { "nombre": "Monte Patria", "region": "Coquimbo" },
  { "nombre": "Punitaqui", "region": "Coquimbo" },
  { "nombre": "Río Hurtado", "region": "Coquimbo" },


  { "nombre": "Valparaíso", "region": "Valparaíso" },
  { "nombre": "Viña del Mar", "region": "Valparaíso" },
  { "nombre": "Concón", "region": "Valparaíso" },
  { "nombre": "Quintero", "region": "Valparaíso" },
  { "nombre": "Puchuncaví", "region": "Valparaíso" },
  { "nombre": "Casablanca", "region": "Valparaíso" },
  { "nombre": "Quilpué", "region": "Valparaíso" },
  { "nombre": "Villa Alemana", "region": "Valparaíso" },
  { "nombre": "San Antonio", "region": "Valparaíso" },
  { "nombre": "Cartagena", "region": "Valparaíso" },
  { "nombre": "El Tabo", "region": "Valparaíso" },
  { "nombre": "El Quisco", "region": "Valparaíso" },
  { "nombre": "Algarrobo", "region": "Valparaíso" },
  { "nombre": "Santo Domingo", "region": "Valparaíso" },
  { "nombre": "San Felipe", "region": "Valparaíso" },
  { "nombre": "Los Andes", "region": "Valparaíso" },


  { "nombre": "Santiago", "region": "Metropolitana de Santiago" },
  { "nombre": "Providencia", "region": "Metropolitana de Santiago" },
  { "nombre": "Las Condes", "region": "Metropolitana de Santiago" },
  { "nombre": "Vitacura", "region": "Metropolitana de Santiago" },
  { "nombre": "Lo Barnechea", "region": "Metropolitana de Santiago" },
  { "nombre": "Ñuñoa", "region": "Metropolitana de Santiago" },
  { "nombre": "Macul", "region": "Metropolitana de Santiago" },
  { "nombre": "La Florida", "region": "Metropolitana de Santiago" },
  { "nombre": "Puente Alto", "region": "Metropolitana de Santiago" },
  { "nombre": "Maipú", "region": "Metropolitana de Santiago" },
  { "nombre": "Estación Central", "region": "Metropolitana de Santiago" },
  { "nombre": "Independencia", "region": "Metropolitana de Santiago" },
  { "nombre": "Recoleta", "region": "Metropolitana de Santiago" },
  { "nombre": "Quilicura", "region": "Metropolitana de Santiago" },
  { "nombre": "San Bernardo", "region": "Metropolitana de Santiago" },


  { "nombre": "Rancagua", "region": "Libertador General Bernardo O’Higgins" },
  { "nombre": "Machalí", "region": "Libertador General Bernardo O’Higgins" },
  { "nombre": "Graneros", "region": "Libertador General Bernardo O’Higgins" },
  { "nombre": "Mostazal", "region": "Libertador General Bernardo O’Higgins" },
  { "nombre": "San Fernando", "region": "Libertador General Bernardo O’Higgins" },
  { "nombre": "Chimbarongo", "region": "Libertador General Bernardo O’Higgins" },
  { "nombre": "Santa Cruz", "region": "Libertador General Bernardo O’Higgins" },
  { "nombre": "Lolol", "region": "Libertador General Bernardo O’Higgins" },
  { "nombre": "Nancagua", "region": "Libertador General Bernardo O’Higgins" },
  { "nombre": "Palmilla", "region": "Libertador General Bernardo O’Higgins" },
  { "nombre": "Pichilemu", "region": "Libertador General Bernardo O’Higgins" },
  { "nombre": "Litueche", "region": "Libertador General Bernardo O’Higgins" },
  { "nombre": "Marchihue", "region": "Libertador General Bernardo O’Higgins" },
  { "nombre": "Pumanque", "region": "Libertador General Bernardo O’Higgins" },
  { "nombre": "Placilla", "region": "Libertador General Bernardo O’Higgins" },


  { "nombre": "Talca", "region": "Maule" },
  { "nombre": "San Clemente", "region": "Maule" },
  { "nombre": "Pelarco", "region": "Maule" },
  { "nombre": "Pencahue", "region": "Maule" },
  { "nombre": "Curepto", "region": "Maule" },
  { "nombre": "Constitución", "region": "Maule" },
  { "nombre": "Maule", "region": "Maule" },
  { "nombre": "Linares", "region": "Maule" },
  { "nombre": "Colbún", "region": "Maule" },
  { "nombre": "Longaví", "region": "Maule" },
  { "nombre": "Parral", "region": "Maule" },
  { "nombre": "Retiro", "region": "Maule" },
  { "nombre": "Curicó", "region": "Maule" },
  { "nombre": "Romeral", "region": "Maule" },
  { "nombre": "Teno", "region": "Maule" },


  { "nombre": "Chillán", "region": "Ñuble" },
  { "nombre": "Chillán Viejo", "region": "Ñuble" },
  { "nombre": "San Carlos", "region": "Ñuble" },
  { "nombre": "Coihueco", "region": "Ñuble" },
  { "nombre": "San Nicolás", "region": "Ñuble" },
  { "nombre": "Ñiquén", "region": "Ñuble" },
  { "nombre": "San Fabián", "region": "Ñuble" },
  { "nombre": "Bulnes", "region": "Ñuble" },
  { "nombre": "Quillón", "region": "Ñuble" },
  { "nombre": "San Ignacio", "region": "Ñuble" },
  { "nombre": "El Carmen", "region": "Ñuble" },
  { "nombre": "Yungay", "region": "Ñuble" },
  { "nombre": "Pemuco", "region": "Ñuble" },
  { "nombre": "Pinto", "region": "Ñuble" },
  { "nombre": "Ránquil", "region": "Ñuble" },


  { "nombre": "Concepción", "region": "Biobío" },
  { "nombre": "Talcahuano", "region": "Biobío" },
  { "nombre": "Hualpén", "region": "Biobío" },
  { "nombre": "Chiguayante", "region": "Biobío" },
  { "nombre": "San Pedro de la Paz", "region": "Biobío" },
  { "nombre": "Coronel", "region": "Biobío" },
  { "nombre": "Lota", "region": "Biobío" },
  { "nombre": "Tomé", "region": "Biobío" },
  { "nombre": "Penco", "region": "Biobío" },
  { "nombre": "Los Ángeles", "region": "Biobío" },
  { "nombre": "Nacimiento", "region": "Biobío" },
  { "nombre": "Negrete", "region": "Biobío" },
  { "nombre": "Mulchén", "region": "Biobío" },
  { "nombre": "Cabrero", "region": "Biobío" },
  { "nombre": "Yumbel", "region": "Biobío" },

  { "nombre": "Temuco", "region": "La Araucanía" },
  { "nombre": "Padre Las Casas", "region": "La Araucanía" },
  { "nombre": "Villarrica", "region": "La Araucanía" },
  { "nombre": "Pucón", "region": "La Araucanía" },
  { "nombre": "Angol", "region": "La Araucanía" },
  { "nombre": "Traiguén", "region": "La Araucanía" },
  { "nombre": "Victoria", "region": "La Araucanía" },
  { "nombre": "Curacautín", "region": "La Araucanía" },
  { "nombre": "Lonquimay", "region": "La Araucanía" },
  { "nombre": "Lautaro", "region": "La Araucanía" },
  { "nombre": "Perquenco", "region": "La Araucanía" },
  { "nombre": "Gorbea", "region": "La Araucanía" },
  { "nombre": "Loncoche", "region": "La Araucanía" },
  { "nombre": "Toltén", "region": "La Araucanía" },
  { "nombre": "Saavedra", "region": "La Araucanía" },


  { "nombre": "Valdivia", "region": "Los Ríos" },
  { "nombre": "Corral", "region": "Los Ríos" },
  { "nombre": "Lanco", "region": "Los Ríos" },
  { "nombre": "Los Lagos", "region": "Los Ríos" },
  { "nombre": "Máfil", "region": "Los Ríos" },
  { "nombre": "Mariquina", "region": "Los Ríos" },
  { "nombre": "Paillaco", "region": "Los Ríos" },
  { "nombre": "Panguipulli", "region": "Los Ríos" },
  { "nombre": "La Unión", "region": "Los Ríos" },
  { "nombre": "Futrono", "region": "Los Ríos" },
  { "nombre": "Lago Ranco", "region": "Los Ríos" },
  { "nombre": "Río Bueno", "region": "Los Ríos" },


  { "nombre": "Puerto Montt", "region": "Los Lagos" },
  { "nombre": "Puerto Varas", "region": "Los Lagos" },
  { "nombre": "Frutillar", "region": "Los Lagos" },
  { "nombre": "Llanquihue", "region": "Los Lagos" },
  { "nombre": "Maullín", "region": "Los Lagos" },
  { "nombre": "Calbuco", "region": "Los Lagos" },
  { "nombre": "Ancud", "region": "Los Lagos" },
  { "nombre": "Castro", "region": "Los Lagos" },
  { "nombre": "Quellón", "region": "Los Lagos" },
  { "nombre": "Dalcahue", "region": "Los Lagos" },
  { "nombre": "Curaco de Vélez", "region": "Los Lagos" },
  { "nombre": "Quinchao", "region": "Los Lagos" },
  { "nombre": "Chonchi", "region": "Los Lagos" },
  { "nombre": "Quemchi", "region": "Los Lagos" },
  { "nombre": "Puerto Octay", "region": "Los Lagos" },


  { "nombre": "Coyhaique", "region": "Aysén del General Carlos Ibáñez del Campo" },
  { "nombre": "Aysén", "region": "Aysén del General Carlos Ibáñez del Campo" },
  { "nombre": "Cisnes", "region": "Aysén del General Carlos Ibáñez del Campo" },
  { "nombre": "Guaitecas", "region": "Aysén del General Carlos Ibáñez del Campo" },
  { "nombre": "Cochrane", "region": "Aysén del General Carlos Ibáñez del Campo" },
  { "nombre": "O’Higgins", "region": "Aysén del General Carlos Ibáñez del Campo" },
  { "nombre": "Tortel", "region": "Aysén del General Carlos Ibáñez del Campo" },
  { "nombre": "Chile Chico", "region": "Aysén del General Carlos Ibáñez del Campo" },
  { "nombre": "Río Ibáñez", "region": "Aysén del General Carlos Ibáñez del Campo" },


  { "nombre": "Punta Arenas", "region": "Magallanes y de la Antártica Chilena" },
  { "nombre": "Natales", "region": "Magallanes y de la Antártica Chilena" },
  { "nombre": "Torres del Paine", "region": "Magallanes y de la Antártica Chilena" },
  { "nombre": "Porvenir", "region": "Magallanes y de la Antártica Chilena" },
  { "nombre": "Primavera", "region": "Magallanes y de la Antártica Chilena" },
  { "nombre": "Timaukel", "region": "Magallanes y de la Antártica Chilena" },
  { "nombre": "Cabo de Hornos", "region": "Magallanes y de la Antártica Chilena" },
  { "nombre": "Antártica", "region": "Magallanes y de la Antártica Chilena" }
]
